observation_id,mdd_id,verbatim_taxon_name,taxon_match_method,reference_id,locator,method_id,call_phase,call_variant,variant_label,signal_direction,recording_condition,habitat_class,country,locality,date_or_season,n_individuals,n_calls,parameter,statistic,value,value_min,value_max,unit,dispersion_type,dispersion_value,harmonic,verbatim_value,quality_flag,notes
mst-040650d48d759d,1005404,Myotis evotis,exact,szewczak-western-2024,supplied worksheet record BAT01433 (northamerica),szewczak-western-2024-library,search,,,,free_flying_wild,,"US/CA | SonoBat western North America library, ~200,000 species-known calls",,,,,characteristic_frequency,mean,36,,,kHz,,,,36.0 30-43 (34-38),definition_unstated,Imported from MASTER_call_records.csv record BAT01433; upload archive sha256 17ffdda2ba6929d03dabcce39119e90d4ee10712fdf690885b3d4a5128d3e464. [trait_class=call_parameter] | Mean of the subset of calls with the most species-discriminating characteristics; dispersion is the +/-1 SD interval given in the source; value_min/max are the total observed range across the whole species-known library.
mst-04070de242afde,1005562,Lasionycteris noctivagans,exact,szewczak-western-2024,supplied worksheet record BAT01461 (northamerica),szewczak-western-2024-library,search,,,,free_flying_wild,,"US/CA | SonoBat western North America library, ~200,000 species-known calls",,,,,peak_frequency,mean,30.1,,,kHz,,,,30.1 23-47 (27-33),definition_unstated,Imported from MASTER_call_records.csv record BAT01461; upload archive sha256 17ffdda2ba6929d03dabcce39119e90d4ee10712fdf690885b3d4a5128d3e464. [trait_class=call_parameter] | Mean of the subset of calls with the most species-discriminating characteristics; dispersion is the +/-1 SD interval given in the source; value_min/max are the total observed range across the whole species-known library.
mst-04bd4dc4eecca1,1005595,Parastrellus hesperus,exact,szewczak-western-2024,supplied worksheet record BAT01392 (northamerica),szewczak-western-2024-library,search,,,,free_flying_wild,,"US/CA | SonoBat western North America library, ~200,000 species-known calls",,,,,duration,mean,5.2,,,ms,,,,5.2 2.8-11 (4.2-6.2),definition_unstated,Imported from MASTER_call_records.csv record BAT01392; upload archive sha256 17ffdda2ba6929d03dabcce39119e90d4ee10712fdf690885b3d4a5128d3e464. [trait_class=call_parameter] | Mean of the subset of calls with the most species-discriminating characteristics; dispersion is the +/-1 SD interval given in the source; value_min/max are the total observed range across the whole species-known library.
mst-0ae56b9f9dae62,1005519,Eptesicus fuscus,exact,szewczak-western-2024,supplied worksheet record BAT01447 (northamerica),szewczak-western-2024-library,search,,,,free_flying_wild,,"US/CA | SonoBat western North America library, ~200,000 species-known calls",,,,,duration,mean,7.9,,,ms,,,,7.9 2.3-15 (5.5-10),definition_unstated,Imported from MASTER_call_records.csv record BAT01447; upload archive sha256 17ffdda2ba6929d03dabcce39119e90d4ee10712fdf690885b3d4a5128d3e464. [trait_class=call_parameter] | Mean of the subset of calls with the most species-discriminating characteristics; dispersion is the +/-1 SD interval given in the source; value_min/max are the total observed range across the whole species-known library.
mst-0bd1ee86b0aac2,1005562,Lasionycteris noctivagans,exact,szewczak-western-2024,supplied worksheet record BAT01459 (northamerica),szewczak-western-2024-library,search,,,,free_flying_wild,,"US/CA | SonoBat western North America library, ~200,000 species-known calls",,,,,max_frequency,mean,45.9,,,kHz,,,,45.9 27-62 (39-53),definition_unstated,Imported from MASTER_call_records.csv record BAT01459; upload archive sha256 17ffdda2ba6929d03dabcce39119e90d4ee10712fdf690885b3d4a5128d3e464. [trait_class=call_parameter] | Mean of the subset of calls with the most species-discriminating characteristics; dispersion is the +/-1 SD interval given in the source; value_min/max are the total observed range across the whole species-known library.
mst-0c9a8c56471978,1005481,Myotis velifer,exact,szewczak-western-2024,supplied worksheet record BAT01422 (northamerica),szewczak-western-2024-library,search,,,,free_flying_wild,,"US/CA | SonoBat western North America library, ~200,000 species-known calls",,,,,duration,mean,5.1,,,ms,,,,5.1 (3.9-6.3),definition_unstated,Imported from MASTER_call_records.csv record BAT01422; upload archive sha256 17ffdda2ba6929d03dabcce39119e90d4ee10712fdf690885b3d4a5128d3e464. [trait_class=call_parameter] | Mean of the subset of calls with the most species-discriminating characteristics; dispersion is the +/-1 SD interval given in the source; value_min/max are the total observed range across the whole species-known library. SUSPECTED SOURCE OR PDF-EXTRACTION ERROR - value inconsistent with its own range. Verify against the published PDF before use.
mst-11c7cf36b0f97a,1005389,Myotis ciliolabrum,exact,szewczak-western-2024,supplied worksheet record BAT01408 (northamerica),szewczak-western-2024-library,search,,,,free_flying_wild,,"US/CA | SonoBat western North America library, ~200,000 species-known calls",,,,,characteristic_frequency,mean,42.7,,,kHz,,,,42.7 38-48 (41-45),definition_unstated,Imported from MASTER_call_records.csv record BAT01408; upload archive sha256 17ffdda2ba6929d03dabcce39119e90d4ee10712fdf690885b3d4a5128d3e464. [trait_class=call_parameter] | Mean of the subset of calls with the most species-discriminating characteristics; dispersion is the +/-1 SD interval given in the source; value_min/max are the total observed range across the whole species-known library.
mst-186e9dc9c9fd3b,1005370,Myotis auriculus,exact,szewczak-western-2024,supplied worksheet record BAT01428 (northamerica),szewczak-western-2024-library,search,,,,free_flying_wild,,"US/CA | SonoBat western North America library, ~200,000 species-known calls",,,,,characteristic_frequency,mean,40.6,,,kHz,,,,40.6 31-54 (36-45),definition_unstated,Imported from MASTER_call_records.csv record BAT01428; upload archive sha256 17ffdda2ba6929d03dabcce39119e90d4ee10712fdf690885b3d4a5128d3e464. [trait_class=call_parameter] | Mean of the subset of calls with the most species-discriminating characteristics; dispersion is the +/-1 SD interval given in the source; value_min/max are the total observed range across the whole species-known library.
mst-1a3ff167fc0e57,1005591,Lasiurus xanthinus,exact,szewczak-western-2024,supplied worksheet record BAT01440 (northamerica),szewczak-western-2024-library,search,,,,free_flying_wild,,"US/CA | SonoBat western North America library, ~200,000 species-known calls",,,,,min_frequency,mean,32.9,,,kHz,,,,32.9 22-39 (31-35),definition_unstated,Imported from MASTER_call_records.csv record BAT01440; upload archive sha256 17ffdda2ba6929d03dabcce39119e90d4ee10712fdf690885b3d4a5128d3e464. [trait_class=call_parameter] | Mean of the subset of calls with the most species-discriminating characteristics; dispersion is the +/-1 SD interval given in the source; value_min/max are the total observed range across the whole species-known library.
mst-1ea86a13514d6c,1005659,Idionycteris phyllotis,exact,szewczak-western-2024,supplied worksheet record BAT01486 (northamerica),szewczak-western-2024-library,search,,,,free_flying_wild,,"US/CA | SonoBat western North America library, ~200,000 species-known calls",,,,,peak_frequency,mean,16.5,,,kHz,,,,16.5 11-24 (13-20),definition_unstated,Imported from MASTER_call_records.csv record BAT01486; upload archive sha256 17ffdda2ba6929d03dabcce39119e90d4ee10712fdf690885b3d4a5128d3e464. [trait_class=call_parameter] | Mean of the subset of calls with the most species-discriminating characteristics; dispersion is the +/-1 SD interval given in the source; value_min/max are the total observed range across the whole species-known library.
mst-1eac22feee2076,1005404,Myotis evotis,exact,szewczak-western-2024,supplied worksheet record BAT01436 (northamerica),szewczak-western-2024-library,search,,,,free_flying_wild,,"US/CA | SonoBat western North America library, ~200,000 species-known calls",,,,,peak_frequency,mean,39.6,,,kHz,,,,39.6 31-64 (35-44),definition_unstated,Imported from MASTER_call_records.csv record BAT01436; upload archive sha256 17ffdda2ba6929d03dabcce39119e90d4ee10712fdf690885b3d4a5128d3e464. [trait_class=call_parameter] | Mean of the subset of calls with the most species-discriminating characteristics; dispersion is the +/-1 SD interval given in the source; value_min/max are the total observed range across the whole species-known library.
mst-241291e8578f12,1005262,Tadarida brasiliensis,exact,szewczak-western-2024,supplied worksheet record BAT01468 (northamerica),szewczak-western-2024-library,search,,,,free_flying_wild,,"US/CA | SonoBat western North America library, ~200,000 species-known calls",,,,,characteristic_frequency,mean,24.7,,,kHz,,,,24.7 17-35 (21-28),definition_unstated,Imported from MASTER_call_records.csv record BAT01468; upload archive sha256 17ffdda2ba6929d03dabcce39119e90d4ee10712fdf690885b3d4a5128d3e464. [trait_class=call_parameter] | Mean of the subset of calls with the most species-discriminating characteristics; dispersion is the +/-1 SD interval given in the source; value_min/max are the total observed range across the whole species-known library.
mst-257b98d387e94c,1005595,Parastrellus hesperus,exact,szewczak-western-2024,supplied worksheet record BAT01391 (northamerica),szewczak-western-2024-library,search,,,,free_flying_wild,,"US/CA | SonoBat western North America library, ~200,000 species-known calls",,,,,peak_frequency,mean,48,,,kHz,,,,48.0 42-57 (46-50),definition_unstated,Imported from MASTER_call_records.csv record BAT01391; upload archive sha256 17ffdda2ba6929d03dabcce39119e90d4ee10712fdf690885b3d4a5128d3e464. [trait_class=call_parameter] | Mean of the subset of calls with the most species-discriminating characteristics; dispersion is the +/-1 SD interval given in the source; value_min/max are the total observed range across the whole species-known library.
mst-25d27fb3072d9b,1005519,Eptesicus fuscus,exact,szewczak-western-2024,supplied worksheet record BAT01444 (northamerica),szewczak-western-2024-library,search,,,,free_flying_wild,,"US/CA | SonoBat western North America library, ~200,000 species-known calls",,,,,max_frequency,mean,53.4,,,kHz,,,,53.4 28-86 (47-67),definition_unstated,Imported from MASTER_call_records.csv record BAT01444; upload archive sha256 17ffdda2ba6929d03dabcce39119e90d4ee10712fdf690885b3d4a5128d3e464. [trait_class=call_parameter] | Mean of the subset of calls with the most species-discriminating characteristics; dispersion is the +/-1 SD interval given in the source; value_min/max are the total observed range across the whole species-known library.
mst-26f2e32d8f6eb3,1005383,Myotis californicus,exact,szewczak-western-2024,supplied worksheet record BAT01386 (northamerica),szewczak-western-2024-library,search,,,,free_flying_wild,,"US/CA | SonoBat western North America library, ~200,000 species-known calls",,,,,peak_frequency,mean,53,,,kHz,,,,53.0 44-101 (47-59),definition_unstated,Imported from MASTER_call_records.csv record BAT01386; upload archive sha256 17ffdda2ba6929d03dabcce39119e90d4ee10712fdf690885b3d4a5128d3e464. [trait_class=call_parameter] | Mean of the subset of calls with the most species-discriminating characteristics; dispersion is the +/-1 SD interval given in the source; value_min/max are the total observed range across the whole species-known library.
mst-2f49338ac25db7,1005591,Lasiurus xanthinus,exact,szewczak-western-2024,supplied worksheet record BAT01442 (northamerica),szewczak-western-2024-library,search,,,,free_flying_wild,,"US/CA | SonoBat western North America library, ~200,000 species-known calls",,,,,duration,mean,6.9,,,ms,,,,6.9 2.5-15 (4.4-9.3),definition_unstated,Imported from MASTER_call_records.csv record BAT01442; upload archive sha256 17ffdda2ba6929d03dabcce39119e90d4ee10712fdf690885b3d4a5128d3e464. [trait_class=call_parameter] | Mean of the subset of calls with the most species-discriminating characteristics; dispersion is the +/-1 SD interval given in the source; value_min/max are the total observed range across the whole species-known library.
mst-30210aa7914327,1005487,Myotis yumanensis,exact,szewczak-western-2024,supplied worksheet record BAT01382 (northamerica),szewczak-western-2024-library,search,,,,free_flying_wild,,"US/CA | SonoBat western North America library, ~200,000 species-known calls",,,,,duration,mean,5.2,,,ms,,,,5.2 1.8-8.6 (4.0-6.4),definition_unstated,Imported from MASTER_call_records.csv record BAT01382; upload archive sha256 17ffdda2ba6929d03dabcce39119e90d4ee10712fdf690885b3d4a5128d3e464. [trait_class=call_parameter] | Mean of the subset of calls with the most species-discriminating characteristics; dispersion is the +/-1 SD interval given in the source; value_min/max are the total observed range across the whole species-known library.
mst-356f03229d1a7d,1005658,Euderma maculatum,exact,szewczak-western-2024,supplied worksheet record BAT01499 (northamerica),szewczak-western-2024-library,search,,,,free_flying_wild,,"US/CA | SonoBat western North America library, ~200,000 species-known calls",,,,,max_frequency,mean,14,,,kHz,,,,14.0 11-21 (12-16),definition_unstated,Imported from MASTER_call_records.csv record BAT01499; upload archive sha256 17ffdda2ba6929d03dabcce39119e90d4ee10712fdf690885b3d4a5128d3e464. [trait_class=call_parameter] | Mean of the subset of calls with the most species-discriminating characteristics; dispersion is the +/-1 SD interval given in the source; value_min/max are the total observed range across the whole species-known library.
mst-360b0126dd6add,1004902,Choeronycteris mexicana,exact,szewczak-western-2024,supplied worksheet record BAT01395 (northamerica),szewczak-western-2024-library,search,,,,free_flying_wild,,"US/CA | SonoBat western North America library, ~200,000 species-known calls",,,,,min_frequency,mean,40.6,,,kHz,,,,40.6 34-49 (36-45),definition_unstated,Imported from MASTER_call_records.csv record BAT01395; upload archive sha256 17ffdda2ba6929d03dabcce39119e90d4ee10712fdf690885b3d4a5128d3e464. [trait_class=call_parameter] | Mean of the subset of calls with the most species-discriminating characteristics; dispersion is the +/-1 SD interval given in the source; value_min/max are the total observed range across the whole species-known library.
mst-36b76a9c119f4e,1004915,Leptonycteris nivalis,exact,szewczak-western-2024,supplied worksheet record BAT01403 (northamerica),szewczak-western-2024-library,search,,,,free_flying_wild,,"US/CA | SonoBat western North America library, ~200,000 species-known calls",,,,,characteristic_frequency,mean,38.6,,,kHz,,,,38.6 27-56 (34-43),definition_unstated,Imported from MASTER_call_records.csv record BAT01403; upload archive sha256 17ffdda2ba6929d03dabcce39119e90d4ee10712fdf690885b3d4a5128d3e464. [trait_class=call_parameter] | Mean of the subset of calls with the most species-discriminating characteristics; dispersion is the +/-1 SD interval given in the source; value_min/max are the total observed range across the whole species-known library.
mst-36e0a5cf44bddb,1005659,Idionycteris phyllotis,exact,szewczak-western-2024,supplied worksheet record BAT01483 (northamerica),szewczak-western-2024-library,search,,,,free_flying_wild,,"US/CA | SonoBat western North America library, ~200,000 species-known calls",,,,,characteristic_frequency,mean,12.9,,,kHz,,,,12.9 (11-15),definition_unstated,Imported from MASTER_call_records.csv record BAT01483; upload archive sha256 17ffdda2ba6929d03dabcce39119e90d4ee10712fdf690885b3d4a5128d3e464. [trait_class=call_parameter] | Mean of the subset of calls with the most species-discriminating characteristics; dispersion is the +/-1 SD interval given in the source; value_min/max are the total observed range across the whole species-known library. SUSPECTED SOURCE OR PDF-EXTRACTION ERROR - value inconsistent with its own range. Verify against the published PDF before use.
mst-3cf9373e8c40a3,1004915,Leptonycteris nivalis,exact,szewczak-western-2024,supplied worksheet record BAT01406 (northamerica),szewczak-western-2024-library,search,,,,free_flying_wild,,"US/CA | SonoBat western North America library, ~200,000 species-known calls",,,,,peak_frequency,mean,43.6,,,kHz,,,,43.6 30-61 (38-49),definition_unstated,Imported from MASTER_call_records.csv record BAT01406; upload archive sha256 17ffdda2ba6929d03dabcce39119e90d4ee10712fdf690885b3d4a5128d3e464. [trait_class=call_parameter] | Mean of the subset of calls with the most species-discriminating characteristics; dispersion is the +/-1 SD interval given in the source; value_min/max are the total observed range across the whole species-known library.
mst-3e6ca286aa2d74,1005657,Corynorhinus townsendii,exact,szewczak-western-2024,supplied worksheet record BAT01451 (northamerica),szewczak-western-2024-library,search,,,,free_flying_wild,,"US/CA | SonoBat western North America library, ~200,000 species-known calls",,,,,peak_frequency,mean,32.8,,,kHz,,,,32.8 22-45 (29-36),definition_unstated,Imported from MASTER_call_records.csv record BAT01451; upload archive sha256 17ffdda2ba6929d03dabcce39119e90d4ee10712fdf690885b3d4a5128d3e464. [trait_class=call_parameter] | Mean of the subset of calls with the most species-discriminating characteristics; dispersion is the +/-1 SD interval given in the source; value_min/max are the total observed range across the whole species-known library.
mst-42104db4779f32,1005591,Lasiurus xanthinus,exact,szewczak-western-2024,supplied worksheet record BAT01439 (northamerica),szewczak-western-2024-library,search,,,,free_flying_wild,,"US/CA | SonoBat western North America library, ~200,000 species-known calls",,,,,max_frequency,mean,52.9,,,kHz,,,,52.9 29-87 (41-64),definition_unstated,Imported from MASTER_call_records.csv record BAT01439; upload archive sha256 17ffdda2ba6929d03dabcce39119e90d4ee10712fdf690885b3d4a5128d3e464. [trait_class=call_parameter] | Mean of the subset of calls with the most species-discriminating characteristics; dispersion is the +/-1 SD interval given in the source; value_min/max are the total observed range across the whole species-known library.
mst-451b0cd469d602,1005492,Antrozous pallidus,exact,szewczak-western-2024,supplied worksheet record BAT01455 (northamerica),szewczak-western-2024-library,search,,,,free_flying_wild,,"US/CA | SonoBat western North America library, ~200,000 species-known calls",,,,,min_frequency,mean,24.5,,,kHz,,,,24.5 19-32 (22-27),definition_unstated,Imported from MASTER_call_records.csv record BAT01455; upload archive sha256 17ffdda2ba6929d03dabcce39119e90d4ee10712fdf690885b3d4a5128d3e464. [trait_class=call_parameter] | Mean of the subset of calls with the most species-discriminating characteristics; dispersion is the +/-1 SD interval given in the source; value_min/max are the total observed range across the whole species-known library.
mst-47e1cf557e9100,1005577,Lasiurus cinereus,exact,szewczak-western-2024,supplied worksheet record BAT01473 (northamerica),szewczak-western-2024-library,search,,,,free_flying_wild,,"US/CA | SonoBat western North America library, ~200,000 species-known calls",,,,,characteristic_frequency,mean,21.7,,,kHz,,,,21.7 16-34 (18-25),definition_unstated,Imported from MASTER_call_records.csv record BAT01473; upload archive sha256 17ffdda2ba6929d03dabcce39119e90d4ee10712fdf690885b3d4a5128d3e464. [trait_class=call_parameter] | Mean of the subset of calls with the most species-discriminating characteristics; dispersion is the +/-1 SD interval given in the source; value_min/max are the total observed range across the whole species-known library.
mst-48e30a05b1e693,1005591,Lasiurus xanthinus,exact,szewczak-western-2024,supplied worksheet record BAT01441 (northamerica),szewczak-western-2024-library,search,,,,free_flying_wild,,"US/CA | SonoBat western North America library, ~200,000 species-known calls",,,,,peak_frequency,mean,36.3,,,kHz,,,,36.3 27-58 (32-41),definition_unstated,Imported from MASTER_call_records.csv record BAT01441; upload archive sha256 17ffdda2ba6929d03dabcce39119e90d4ee10712fdf690885b3d4a5128d3e464. [trait_class=call_parameter] | Mean of the subset of calls with the most species-discriminating characteristics; dispersion is the +/-1 SD interval given in the source; value_min/max are the total observed range across the whole species-known library.
mst-4a61bafb191adb,1005432,Myotis lucifugus,exact,szewczak-western-2024,supplied worksheet record BAT01426 (northamerica),szewczak-western-2024-library,search,,,,free_flying_wild,,"US/CA | SonoBat western North America library, ~200,000 species-known calls",,,,,peak_frequency,mean,44,,,kHz,,,,44.0 38-61 (41-47),definition_unstated,Imported from MASTER_call_records.csv record BAT01426; upload archive sha256 17ffdda2ba6929d03dabcce39119e90d4ee10712fdf690885b3d4a5128d3e464. [trait_class=call_parameter] | Mean of the subset of calls with the most species-discriminating characteristics; dispersion is the +/-1 SD interval given in the source; value_min/max are the total observed range across the whole species-known library.
mst-4ec401fb7e60b4,1005187,Eumops perotis,exact,szewczak-western-2024,supplied worksheet record BAT01495 (northamerica),szewczak-western-2024-library,search,,,,free_flying_wild,,"US/CA | SonoBat western North America library, ~200,000 species-known calls",,,,,min_frequency,mean,9.6,,,kHz,,,,9.6 6.7-16 (8-11),definition_unstated,Imported from MASTER_call_records.csv record BAT01495; upload archive sha256 17ffdda2ba6929d03dabcce39119e90d4ee10712fdf690885b3d4a5128d3e464. [trait_class=call_parameter] | Mean of the subset of calls with the most species-discriminating characteristics; dispersion is the +/-1 SD interval given in the source; value_min/max are the total observed range across the whole species-known library.
mst-542fca80d4ad65,1004915,Leptonycteris nivalis,exact,szewczak-western-2024,supplied worksheet record BAT01405 (northamerica),szewczak-western-2024-library,search,,,,free_flying_wild,,"US/CA | SonoBat western North America library, ~200,000 species-known calls",,,,,min_frequency,mean,32.4,,,kHz,,,,32.4 23-45,definition_unstated,Imported from MASTER_call_records.csv record BAT01405; upload archive sha256 17ffdda2ba6929d03dabcce39119e90d4ee10712fdf690885b3d4a5128d3e464. [trait_class=call_parameter] | Mean of the subset of calls with the most species-discriminating characteristics; dispersion is the +/-1 SD interval given in the source; value_min/max are the total observed range across the whole species-known library.
mst-54a1ff1a9f9d0a,1005262,Tadarida brasiliensis,exact,szewczak-western-2024,supplied worksheet record BAT01472 (northamerica),szewczak-western-2024-library,search,,,,free_flying_wild,,"US/CA | SonoBat western North America library, ~200,000 species-known calls",,,,,duration,mean,12.8,,,ms,,,,12.8 1.6-25 (9.2-16),definition_unstated,Imported from MASTER_call_records.csv record BAT01472; upload archive sha256 17ffdda2ba6929d03dabcce39119e90d4ee10712fdf690885b3d4a5128d3e464. [trait_class=call_parameter] | Mean of the subset of calls with the most species-discriminating characteristics; dispersion is the +/-1 SD interval given in the source; value_min/max are the total observed range across the whole species-known library.
mst-55cfa8a2df6d35,1005574,Lasiurus blossevillii,exact,szewczak-western-2024,supplied worksheet record BAT01402 (northamerica),szewczak-western-2024-library,search,,,,free_flying_wild,,"US/CA | SonoBat western North America library, ~200,000 species-known calls",,,,,duration,mean,7.2,,,ms,,,,7.2 2.2-16 (5.1-9.4),definition_unstated,Imported from MASTER_call_records.csv record BAT01402; upload archive sha256 17ffdda2ba6929d03dabcce39119e90d4ee10712fdf690885b3d4a5128d3e464. [trait_class=call_parameter] | Mean of the subset of calls with the most species-discriminating characteristics; dispersion is the +/-1 SD interval given in the source; value_min/max are the total observed range across the whole species-known library.
mst-56ca0369bb0f32,1005237,Nyctinomops macrotis,exact,szewczak-western-2024,supplied worksheet record BAT01492 (northamerica),szewczak-western-2024-library,search,,,,free_flying_wild,,"US/CA | SonoBat western North America library, ~200,000 species-known calls",,,,,duration,mean,17,,,ms,,,,17 (12-22),definition_unstated,Imported from MASTER_call_records.csv record BAT01492; upload archive sha256 17ffdda2ba6929d03dabcce39119e90d4ee10712fdf690885b3d4a5128d3e464. [trait_class=call_parameter] | Mean of the subset of calls with the most species-discriminating characteristics; dispersion is the +/-1 SD interval given in the source; value_min/max are the total observed range across the whole species-known library. SUSPECTED SOURCE OR PDF-EXTRACTION ERROR - value inconsistent with its own range. Verify against the published PDF before use.
mst-595ec899a9f902,1005262,Tadarida brasiliensis,exact,szewczak-western-2024,supplied worksheet record BAT01471 (northamerica),szewczak-western-2024-library,search,,,,free_flying_wild,,"US/CA | SonoBat western North America library, ~200,000 species-known calls",,,,,peak_frequency,mean,26.4,,,kHz,,,,26.4 18-52 (22-31),definition_unstated,Imported from MASTER_call_records.csv record BAT01471; upload archive sha256 17ffdda2ba6929d03dabcce39119e90d4ee10712fdf690885b3d4a5128d3e464. [trait_class=call_parameter] | Mean of the subset of calls with the most species-discriminating characteristics; dispersion is the +/-1 SD interval given in the source; value_min/max are the total observed range across the whole species-known library.
mst-5bde9e76b426a3,1005262,Tadarida brasiliensis,exact,szewczak-western-2024,supplied worksheet record BAT01470 (northamerica),szewczak-western-2024-library,search,,,,free_flying_wild,,"US/CA | SonoBat western North America library, ~200,000 species-known calls",,,,,min_frequency,mean,23.1,,,kHz,,,,23.1 12-35 (20-26),definition_unstated,Imported from MASTER_call_records.csv record BAT01470; upload archive sha256 17ffdda2ba6929d03dabcce39119e90d4ee10712fdf690885b3d4a5128d3e464. [trait_class=call_parameter] | Mean of the subset of calls with the most species-discriminating characteristics; dispersion is the +/-1 SD interval given in the source; value_min/max are the total observed range across the whole species-known library.
mst-5c3bafa69dc369,1005483,Myotis volans,exact,szewczak-western-2024,supplied worksheet record BAT01414 (northamerica),szewczak-western-2024-library,search,,,,free_flying_wild,,"US/CA | SonoBat western North America library, ~200,000 species-known calls",,,,,max_frequency,mean,81.1,,,kHz,,,,81.1 49-121 (67-95),definition_unstated,Imported from MASTER_call_records.csv record BAT01414; upload archive sha256 17ffdda2ba6929d03dabcce39119e90d4ee10712fdf690885b3d4a5128d3e464. [trait_class=call_parameter] | Mean of the subset of calls with the most species-discriminating characteristics; dispersion is the +/-1 SD interval given in the source; value_min/max are the total observed range across the whole species-known library.
mst-5d72c4e05910ce,1005577,Lasiurus cinereus,exact,szewczak-western-2024,supplied worksheet record BAT01474 (northamerica),szewczak-western-2024-library,search,,,,free_flying_wild,,"US/CA | SonoBat western North America library, ~200,000 species-known calls",,,,,max_frequency,mean,28.9,,,kHz,,,,28.9 16-64 (20-38),definition_unstated,Imported from MASTER_call_records.csv record BAT01474; upload archive sha256 17ffdda2ba6929d03dabcce39119e90d4ee10712fdf690885b3d4a5128d3e464. [trait_class=call_parameter] | Mean of the subset of calls with the most species-discriminating characteristics; dispersion is the +/-1 SD interval given in the source; value_min/max are the total observed range across the whole species-known library.
mst-617ea59affb92c,1005562,Lasionycteris noctivagans,exact,szewczak-western-2024,supplied worksheet record BAT01458 (northamerica),szewczak-western-2024-library,search,,,,free_flying_wild,,"US/CA | SonoBat western North America library, ~200,000 species-known calls",,,,,characteristic_frequency,mean,26.5,,,kHz,,,,26.5 23-31 (25-28),definition_unstated,Imported from MASTER_call_records.csv record BAT01458; upload archive sha256 17ffdda2ba6929d03dabcce39119e90d4ee10712fdf690885b3d4a5128d3e464. [trait_class=call_parameter] | Mean of the subset of calls with the most species-discriminating characteristics; dispersion is the +/-1 SD interval given in the source; value_min/max are the total observed range across the whole species-known library.
mst-6438b939f8d43b,1005478,Myotis thysanodes,exact,szewczak-western-2024,supplied worksheet record BAT01467 (northamerica),szewczak-western-2024-library,search,,,,free_flying_wild,,"US/CA | SonoBat western North America library, ~200,000 species-known calls",,,,,duration,mean,3.9,,,ms,,,,3.9 1.6-6.4 (2.9-5.0),definition_unstated,Imported from MASTER_call_records.csv record BAT01467; upload archive sha256 17ffdda2ba6929d03dabcce39119e90d4ee10712fdf690885b3d4a5128d3e464. [trait_class=call_parameter] | Mean of the subset of calls with the most species-discriminating characteristics; dispersion is the +/-1 SD interval given in the source; value_min/max are the total observed range across the whole species-known library.
mst-66c25e0d174039,1005187,Eumops perotis,exact,szewczak-western-2024,supplied worksheet record BAT01604 (northamerica),szewczak-western-2024-library,search,,,,free_flying_wild,,US/CA,,,,,signal_type,single,FM,,,,,,,"long, low, slightly curved FM to flat",ok,Imported from MASTER_call_records.csv record BAT01604; upload archive sha256 17ffdda2ba6929d03dabcce39119e90d4ee10712fdf690885b3d4a5128d3e464. [trait_class=call_structure]
mst-67259b20ba7fb9,1005404,Myotis evotis,exact,szewczak-western-2024,supplied worksheet record BAT01437 (northamerica),szewczak-western-2024-library,search,,,,free_flying_wild,,"US/CA | SonoBat western North America library, ~200,000 species-known calls",,,,,duration,mean,3.8,,,ms,,,,3.8 1.6-7.6 (2.8-4.8),definition_unstated,Imported from MASTER_call_records.csv record BAT01437; upload archive sha256 17ffdda2ba6929d03dabcce39119e90d4ee10712fdf690885b3d4a5128d3e464. [trait_class=call_parameter] | Mean of the subset of calls with the most species-discriminating characteristics; dispersion is the +/-1 SD interval given in the source; value_min/max are the total observed range across the whole species-known library.
mst-67d39364e37c65,1005481,Myotis velifer,exact,szewczak-western-2024,supplied worksheet record BAT01418 (northamerica),szewczak-western-2024-library,search,,,,free_flying_wild,,"US/CA | SonoBat western North America library, ~200,000 species-known calls",,,,,characteristic_frequency,mean,42.1,,,kHz,,,,42.1 37-49 (40-44),definition_unstated,Imported from MASTER_call_records.csv record BAT01418; upload archive sha256 17ffdda2ba6929d03dabcce39119e90d4ee10712fdf690885b3d4a5128d3e464. [trait_class=call_parameter] | Mean of the subset of calls with the most species-discriminating characteristics; dispersion is the +/-1 SD interval given in the source; value_min/max are the total observed range across the whole species-known library.
mst-6886b043d42dfc,1005492,Antrozous pallidus,exact,szewczak-western-2024,supplied worksheet record BAT01454 (northamerica),szewczak-western-2024-library,search,,,,free_flying_wild,,"US/CA | SonoBat western North America library, ~200,000 species-known calls",,,,,max_frequency,range,,39,86,kHz,,,,39-86 (44-60),definition_unstated,Imported from MASTER_call_records.csv record BAT01454; upload archive sha256 17ffdda2ba6929d03dabcce39119e90d4ee10712fdf690885b3d4a5128d3e464. [trait_class=call_parameter] | Mean of the subset of calls with the most species-discriminating characteristics; dispersion is the +/-1 SD interval given in the source; value_min/max are the total observed range across the whole species-known library. SUSPECTED SOURCE OR PDF-EXTRACTION ERROR - value inconsistent with its own range. Verify against the published PDF before use.
mst-6ccd495161c0d9,1005487,Myotis yumanensis,exact,szewczak-western-2024,supplied worksheet record BAT01381 (northamerica),szewczak-western-2024-library,search,,,,free_flying_wild,,"US/CA | SonoBat western North America library, ~200,000 species-known calls",,,,,peak_frequency,mean,54.1,,,kHz,,,,54.1 45-95 (49-60),definition_unstated,Imported from MASTER_call_records.csv record BAT01381; upload archive sha256 17ffdda2ba6929d03dabcce39119e90d4ee10712fdf690885b3d4a5128d3e464. [trait_class=call_parameter] | Mean of the subset of calls with the most species-discriminating characteristics; dispersion is the +/-1 SD interval given in the source; value_min/max are the total observed range across the whole species-known library.
mst-6d86d44b1dea82,1004902,Choeronycteris mexicana,exact,szewczak-western-2024,supplied worksheet record BAT01397 (northamerica),szewczak-western-2024-library,search,,,,free_flying_wild,,"US/CA | SonoBat western North America library, ~200,000 species-known calls",,,,,duration,mean,2.7,,,ms,,,,2.7 1.7-4.8 (2.1-3.4),definition_unstated,Imported from MASTER_call_records.csv record BAT01397; upload archive sha256 17ffdda2ba6929d03dabcce39119e90d4ee10712fdf690885b3d4a5128d3e464. [trait_class=call_parameter] | Mean of the subset of calls with the most species-discriminating characteristics; dispersion is the +/-1 SD interval given in the source; value_min/max are the total observed range across the whole species-known library.
mst-6e7d4ce635246f,1005577,Lasiurus cinereus,exact,szewczak-western-2024,supplied worksheet record BAT01475 (northamerica),szewczak-western-2024-library,search,,,,free_flying_wild,,"US/CA | SonoBat western North America library, ~200,000 species-known calls",,,,,min_frequency,mean,21.1,,,kHz,,,,21.1 15-32 (18-24),definition_unstated,Imported from MASTER_call_records.csv record BAT01475; upload archive sha256 17ffdda2ba6929d03dabcce39119e90d4ee10712fdf690885b3d4a5128d3e464. [trait_class=call_parameter] | Mean of the subset of calls with the most species-discriminating characteristics; dispersion is the +/-1 SD interval given in the source; value_min/max are the total observed range across the whole species-known library.
mst-6fd02af575be95,1005562,Lasionycteris noctivagans,exact,szewczak-western-2024,supplied worksheet record BAT01462 (northamerica),szewczak-western-2024-library,search,,,,free_flying_wild,,"US/CA | SonoBat western North America library, ~200,000 species-known calls",,,,,duration,mean,7.1,,,ms,,,,7.1 2.0-17 (4.2-10),definition_unstated,Imported from MASTER_call_records.csv record BAT01462; upload archive sha256 17ffdda2ba6929d03dabcce39119e90d4ee10712fdf690885b3d4a5128d3e464. [trait_class=call_parameter] | Mean of the subset of calls with the most species-discriminating characteristics; dispersion is the +/-1 SD interval given in the source; value_min/max are the total observed range across the whole species-known library.
mst-70e640cddce8df,1005478,Myotis thysanodes,exact,szewczak-western-2024,supplied worksheet record BAT01463 (northamerica),szewczak-western-2024-library,search,,,,free_flying_wild,,"US/CA | SonoBat western North America library, ~200,000 species-known calls",,,,,characteristic_frequency,mean,25.6,,,kHz,,,,25.6 20-32 (23-28),definition_unstated,Imported from MASTER_call_records.csv record BAT01463; upload archive sha256 17ffdda2ba6929d03dabcce39119e90d4ee10712fdf690885b3d4a5128d3e464. [trait_class=call_parameter] | Mean of the subset of calls with the most species-discriminating characteristics; dispersion is the +/-1 SD interval given in the source; value_min/max are the total observed range across the whole species-known library.
mst-7330c0b5b09671,1005389,Myotis ciliolabrum,exact,szewczak-western-2024,supplied worksheet record BAT01409 (northamerica),szewczak-western-2024-library,search,,,,free_flying_wild,,"US/CA | SonoBat western North America library, ~200,000 species-known calls",,,,,max_frequency,mean,83.3,,,kHz,,,,83.3 51-119 (68-98.1),definition_unstated,Imported from MASTER_call_records.csv record BAT01409; upload archive sha256 17ffdda2ba6929d03dabcce39119e90d4ee10712fdf690885b3d4a5128d3e464. [trait_class=call_parameter] | Mean of the subset of calls with the most species-discriminating characteristics; dispersion is the +/-1 SD interval given in the source; value_min/max are the total observed range across the whole species-known library.
mst-748e3f05ba73b8,1005591,Lasiurus xanthinus,exact,szewczak-western-2024,supplied worksheet record BAT01438 (northamerica),szewczak-western-2024-library,search,,,,free_flying_wild,,"US/CA | SonoBat western North America library, ~200,000 species-known calls",,,,,characteristic_frequency,mean,33.6,,,kHz,,,,33.6 26-40 (31-36),definition_unstated,Imported from MASTER_call_records.csv record BAT01438; upload archive sha256 17ffdda2ba6929d03dabcce39119e90d4ee10712fdf690885b3d4a5128d3e464. [trait_class=call_parameter] | Mean of the subset of calls with the most species-discriminating characteristics; dispersion is the +/-1 SD interval given in the source; value_min/max are the total observed range across the whole species-known library.
mst-74a55e1cf932e9,1005383,Myotis californicus,exact,szewczak-western-2024,supplied worksheet record BAT01384 (northamerica),szewczak-western-2024-library,search,,,,free_flying_wild,,"US/CA | SonoBat western North America library, ~200,000 species-known calls",,,,,max_frequency,mean,91,,,kHz,,,,91.0 52-135 (76-106),definition_unstated,Imported from MASTER_call_records.csv record BAT01384; upload archive sha256 17ffdda2ba6929d03dabcce39119e90d4ee10712fdf690885b3d4a5128d3e464. [trait_class=call_parameter] | Mean of the subset of calls with the most species-discriminating characteristics; dispersion is the +/-1 SD interval given in the source; value_min/max are the total observed range across the whole species-known library.
mst-74b93ad6f7d526,1005262,Tadarida brasiliensis,exact,szewczak-western-2024,supplied worksheet record BAT01469 (northamerica),szewczak-western-2024-library,search,,,,free_flying_wild,,"US/CA | SonoBat western North America library, ~200,000 species-known calls",,,,,max_frequency,mean,31.4,,,kHz,,,,31.4 18-74 (22-41),definition_unstated,Imported from MASTER_call_records.csv record BAT01469; upload archive sha256 17ffdda2ba6929d03dabcce39119e90d4ee10712fdf690885b3d4a5128d3e464. [trait_class=call_parameter] | Mean of the subset of calls with the most species-discriminating characteristics; dispersion is the +/-1 SD interval given in the source; value_min/max are the total observed range across the whole species-known library.
mst-75c49d88200336,1005235,Nyctinomops femorosaccus,exact,szewczak-western-2024,supplied worksheet record BAT01481 (northamerica),szewczak-western-2024-library,search,,,,free_flying_wild,,"US/CA | SonoBat western North America library, ~200,000 species-known calls",,,,,peak_frequency,mean,22.3,,,kHz,,,,22.3 15-38 (19-25),definition_unstated,Imported from MASTER_call_records.csv record BAT01481; upload archive sha256 17ffdda2ba6929d03dabcce39119e90d4ee10712fdf690885b3d4a5128d3e464. [trait_class=call_parameter] | Mean of the subset of calls with the most species-discriminating characteristics; dispersion is the +/-1 SD interval given in the source; value_min/max are the total observed range across the whole species-known library.
mst-75e27e0e963209,1005657,Corynorhinus townsendii,exact,szewczak-western-2024,supplied worksheet record BAT01448 (northamerica),szewczak-western-2024-library,search,,,,free_flying_wild,,"US/CA | SonoBat western North America library, ~200,000 species-known calls",,,,,characteristic_frequency,mean,28,,,kHz,,,,28.0 19-34 (24-32),definition_unstated,Imported from MASTER_call_records.csv record BAT01448; upload archive sha256 17ffdda2ba6929d03dabcce39119e90d4ee10712fdf690885b3d4a5128d3e464. [trait_class=call_parameter] | Mean of the subset of calls with the most species-discriminating characteristics; dispersion is the +/-1 SD interval given in the source; value_min/max are the total observed range across the whole species-known library.
mst-76319e42f2502c,1005481,Myotis velifer,exact,szewczak-western-2024,supplied worksheet record BAT01419 (northamerica),szewczak-western-2024-library,search,,,,free_flying_wild,,"US/CA | SonoBat western North America library, ~200,000 species-known calls",,,,,max_frequency,mean,75.7,,,kHz,,,,75.7 48-111 (64-88),definition_unstated,Imported from MASTER_call_records.csv record BAT01419; upload archive sha256 17ffdda2ba6929d03dabcce39119e90d4ee10712fdf690885b3d4a5128d3e464. [trait_class=call_parameter] | Mean of the subset of calls with the most species-discriminating characteristics; dispersion is the +/-1 SD interval given in the source; value_min/max are the total observed range across the whole species-known library.
mst-78b14e656eedf4,1005659,Idionycteris phyllotis,exact,szewczak-western-2024,supplied worksheet record BAT01484 (northamerica),szewczak-western-2024-library,search,,,,free_flying_wild,,"US/CA | SonoBat western North America library, ~200,000 species-known calls",,,,,max_frequency,mean,26.1,,,kHz,,,,26.1 18-36 (18-32),definition_unstated,Imported from MASTER_call_records.csv record BAT01484; upload archive sha256 17ffdda2ba6929d03dabcce39119e90d4ee10712fdf690885b3d4a5128d3e464. [trait_class=call_parameter] | Mean of the subset of calls with the most species-discriminating characteristics; dispersion is the +/-1 SD interval given in the source; value_min/max are the total observed range across the whole species-known library.
mst-79a887585c188f,1005483,Myotis volans,exact,szewczak-western-2024,supplied worksheet record BAT01415 (northamerica),szewczak-western-2024-library,search,,,,free_flying_wild,,"US/CA | SonoBat western North America library, ~200,000 species-known calls",,,,,min_frequency,mean,36.3,,,kHz,,,,36.3 27-44 (34-39),definition_unstated,Imported from MASTER_call_records.csv record BAT01415; upload archive sha256 17ffdda2ba6929d03dabcce39119e90d4ee10712fdf690885b3d4a5128d3e464. [trait_class=call_parameter] | Mean of the subset of calls with the most species-discriminating characteristics; dispersion is the +/-1 SD interval given in the source; value_min/max are the total observed range across the whole species-known library.
mst-7c38f542215361,1005237,Nyctinomops macrotis,exact,szewczak-western-2024,supplied worksheet record BAT01491 (northamerica),szewczak-western-2024-library,search,,,,free_flying_wild,,"US/CA | SonoBat western North America library, ~200,000 species-known calls",,,,,peak_frequency,mean,13.4,,,kHz,,,,13.4 11-16 (12-14),definition_unstated,Imported from MASTER_call_records.csv record BAT01491; upload archive sha256 17ffdda2ba6929d03dabcce39119e90d4ee10712fdf690885b3d4a5128d3e464. [trait_class=call_parameter] | Mean of the subset of calls with the most species-discriminating characteristics; dispersion is the +/-1 SD interval given in the source; value_min/max are the total observed range across the whole species-known library.
mst-7d640dd24200db,1005383,Myotis californicus,exact,szewczak-western-2024,supplied worksheet record BAT01387 (northamerica),szewczak-western-2024-library,search,,,,free_flying_wild,,"US/CA | SonoBat western North America library, ~200,000 species-known calls",,,,,duration,mean,3.8,,,ms,,,,3.8 1.6-7.3 (2.8-4.8),definition_unstated,Imported from MASTER_call_records.csv record BAT01387; upload archive sha256 17ffdda2ba6929d03dabcce39119e90d4ee10712fdf690885b3d4a5128d3e464. [trait_class=call_parameter] | Mean of the subset of calls with the most species-discriminating characteristics; dispersion is the +/-1 SD interval given in the source; value_min/max are the total observed range across the whole species-known library.
mst-7dc75a36f98373,1005487,Myotis yumanensis,exact,szewczak-western-2024,supplied worksheet record BAT01380 (northamerica),szewczak-western-2024-library,search,,,,free_flying_wild,,"US/CA | SonoBat western North America library, ~200,000 species-known calls",,,,,min_frequency,mean,45.3,,,kHz,,,,45.3 37-53 (43-48),definition_unstated,Imported from MASTER_call_records.csv record BAT01380; upload archive sha256 17ffdda2ba6929d03dabcce39119e90d4ee10712fdf690885b3d4a5128d3e464. [trait_class=call_parameter] | Mean of the subset of calls with the most species-discriminating characteristics; dispersion is the +/-1 SD interval given in the source; value_min/max are the total observed range across the whole species-known library.
mst-7fa4381833304c,1004950,Macrotus californicus,exact,szewczak-western-2024,supplied worksheet record BAT01377 (northamerica),szewczak-western-2024-library,search,,,,free_flying_wild,,"US/CA | SonoBat western North America library, ~200,000 species-known calls",,,,,duration,mean,3.6,,,ms,,,,3.6 1.6-7.0 (2.6-4.6),definition_unstated,Imported from MASTER_call_records.csv record BAT01377; upload archive sha256 17ffdda2ba6929d03dabcce39119e90d4ee10712fdf690885b3d4a5128d3e464. [trait_class=call_parameter] | Mean of the subset of calls with the most species-discriminating characteristics; dispersion is the +/-1 SD interval given in the source; value_min/max are the total observed range across the whole species-known library.
mst-7febd150cc093d,1005492,Antrozous pallidus,exact,szewczak-western-2024,supplied worksheet record BAT01456 (northamerica),szewczak-western-2024-library,search,,,,free_flying_wild,,"US/CA | SonoBat western North America library, ~200,000 species-known calls",,,,,peak_frequency,mean,30,,,kHz,,,,30.0 21-57 (27-33),definition_unstated,Imported from MASTER_call_records.csv record BAT01456; upload archive sha256 17ffdda2ba6929d03dabcce39119e90d4ee10712fdf690885b3d4a5128d3e464. [trait_class=call_parameter] | Mean of the subset of calls with the most species-discriminating characteristics; dispersion is the +/-1 SD interval given in the source; value_min/max are the total observed range across the whole species-known library.
mst-80e94572471bc3,1005574,Lasiurus blossevillii,exact,szewczak-western-2024,supplied worksheet record BAT01401 (northamerica),szewczak-western-2024-library,search,,,,free_flying_wild,,"US/CA | SonoBat western North America library, ~200,000 species-known calls",,,,,peak_frequency,mean,46.1,,,kHz,,,,46.1 36-91 (40-52),definition_unstated,Imported from MASTER_call_records.csv record BAT01401; upload archive sha256 17ffdda2ba6929d03dabcce39119e90d4ee10712fdf690885b3d4a5128d3e464. [trait_class=call_parameter] | Mean of the subset of calls with the most species-discriminating characteristics; dispersion is the +/-1 SD interval given in the source; value_min/max are the total observed range across the whole species-known library.
mst-8466dbdab55f44,1005595,Parastrellus hesperus,exact,szewczak-western-2024,supplied worksheet record BAT01389 (northamerica),szewczak-western-2024-library,search,,,,free_flying_wild,,"US/CA | SonoBat western North America library, ~200,000 species-known calls",,,,,max_frequency,mean,62,,,kHz,,,,62.0 44-101 (51-73),definition_unstated,Imported from MASTER_call_records.csv record BAT01389; upload archive sha256 17ffdda2ba6929d03dabcce39119e90d4ee10712fdf690885b3d4a5128d3e464. [trait_class=call_parameter] | Mean of the subset of calls with the most species-discriminating characteristics; dispersion is the +/-1 SD interval given in the source; value_min/max are the total observed range across the whole species-known library.
mst-87b064ac1ea3b5,1005370,Myotis auriculus,exact,szewczak-western-2024,supplied worksheet record BAT01429 (northamerica),szewczak-western-2024-library,search,,,,free_flying_wild,,"US/CA | SonoBat western North America library, ~200,000 species-known calls",,,,,max_frequency,mean,81.4,,,kHz,,,,81.4 45-123 (66-97),definition_unstated,Imported from MASTER_call_records.csv record BAT01429; upload archive sha256 17ffdda2ba6929d03dabcce39119e90d4ee10712fdf690885b3d4a5128d3e464. [trait_class=call_parameter] | Mean of the subset of calls with the most species-discriminating characteristics; dispersion is the +/-1 SD interval given in the source; value_min/max are the total observed range across the whole species-known library.
mst-8a4a5a176ac4bf,1005577,Lasiurus cinereus,exact,szewczak-western-2024,supplied worksheet record BAT01476 (northamerica),szewczak-western-2024-library,search,,,,free_flying_wild,,"US/CA | SonoBat western North America library, ~200,000 species-known calls",,,,,peak_frequency,mean,22.8,,,kHz,,,,22.8 16-39 (19-26),definition_unstated,Imported from MASTER_call_records.csv record BAT01476; upload archive sha256 17ffdda2ba6929d03dabcce39119e90d4ee10712fdf690885b3d4a5128d3e464. [trait_class=call_parameter] | Mean of the subset of calls with the most species-discriminating characteristics; dispersion is the +/-1 SD interval given in the source; value_min/max are the total observed range across the whole species-known library.
mst-8ca707a7fdcace,1005370,Myotis auriculus,exact,szewczak-western-2024,supplied worksheet record BAT01432 (northamerica),szewczak-western-2024-library,search,,,,free_flying_wild,,"US/CA | SonoBat western North America library, ~200,000 species-known calls",,,,,duration,mean,4,,,ms,,,,4.0 1.6-7.6 (3.0-5.1),definition_unstated,Imported from MASTER_call_records.csv record BAT01432; upload archive sha256 17ffdda2ba6929d03dabcce39119e90d4ee10712fdf690885b3d4a5128d3e464. [trait_class=call_parameter] | Mean of the subset of calls with the most species-discriminating characteristics; dispersion is the +/-1 SD interval given in the source; value_min/max are the total observed range across the whole species-known library.
mst-8fba0cdf57d594,1005657,Corynorhinus townsendii,exact,szewczak-western-2024,supplied worksheet record BAT01450 (northamerica),szewczak-western-2024-library,search,,,,free_flying_wild,,"US/CA | SonoBat western North America library, ~200,000 species-known calls",,,,,min_frequency,mean,24.3,,,kHz,,,,24.3 17-45 (21-27),definition_unstated,Imported from MASTER_call_records.csv record BAT01450; upload archive sha256 17ffdda2ba6929d03dabcce39119e90d4ee10712fdf690885b3d4a5128d3e464. [trait_class=call_parameter] | Mean of the subset of calls with the most species-discriminating characteristics; dispersion is the +/-1 SD interval given in the source; value_min/max are the total observed range across the whole species-known library.
mst-936cad541d366f,1005235,Nyctinomops femorosaccus,exact,szewczak-western-2024,supplied worksheet record BAT01482 (northamerica),szewczak-western-2024-library,search,,,,free_flying_wild,,"US/CA | SonoBat western North America library, ~200,000 species-known calls",,,,,duration,mean,9.5,,,ms,,,,9.5 3.9-15 (7.9-11),definition_unstated,Imported from MASTER_call_records.csv record BAT01482; upload archive sha256 17ffdda2ba6929d03dabcce39119e90d4ee10712fdf690885b3d4a5128d3e464. [trait_class=call_parameter] | Mean of the subset of calls with the most species-discriminating characteristics; dispersion is the +/-1 SD interval given in the source; value_min/max are the total observed range across the whole species-known library.
mst-95b6fc4afcc509,1004950,Macrotus californicus,exact,szewczak-western-2024,supplied worksheet record BAT01373 (northamerica),szewczak-western-2024-library,search,,,,free_flying_wild,,"US/CA | SonoBat western North America library, ~200,000 species-known calls",,,,,characteristic_frequency,mean,56.9,,,kHz,,,,56.9 47-67 (53-60),definition_unstated,Imported from MASTER_call_records.csv record BAT01373; upload archive sha256 17ffdda2ba6929d03dabcce39119e90d4ee10712fdf690885b3d4a5128d3e464. [trait_class=call_parameter] | Mean of the subset of calls with the most species-discriminating characteristics; dispersion is the +/-1 SD interval given in the source; value_min/max are the total observed range across the whole species-known library.
mst-960201a6ee145b,1005389,Myotis ciliolabrum,exact,szewczak-western-2024,supplied worksheet record BAT01410 (northamerica),szewczak-western-2024-library,search,,,,free_flying_wild,,"US/CA | SonoBat western North America library, ~200,000 species-known calls",,,,,min_frequency,mean,37,,,kHz,,,,37.0 28-43 (34-40),definition_unstated,Imported from MASTER_call_records.csv record BAT01410; upload archive sha256 17ffdda2ba6929d03dabcce39119e90d4ee10712fdf690885b3d4a5128d3e464. [trait_class=call_parameter] | Mean of the subset of calls with the most species-discriminating characteristics; dispersion is the +/-1 SD interval given in the source; value_min/max are the total observed range across the whole species-known library.
mst-982f54eeef0b4d,1005659,Idionycteris phyllotis,exact,szewczak-western-2024,supplied worksheet record BAT01487 (northamerica),szewczak-western-2024-library,search,,,,free_flying_wild,,"US/CA | SonoBat western North America library, ~200,000 species-known calls",,,,,duration,mean,4.9,,,ms,,,,4.9 1.9-10 (3.6-6.2),definition_unstated,Imported from MASTER_call_records.csv record BAT01487; upload archive sha256 17ffdda2ba6929d03dabcce39119e90d4ee10712fdf690885b3d4a5128d3e464. [trait_class=call_parameter] | Mean of the subset of calls with the most species-discriminating characteristics; dispersion is the +/-1 SD interval given in the source; value_min/max are the total observed range across the whole species-known library.
mst-9b591110d5c55d,1005519,Eptesicus fuscus,exact,szewczak-western-2024,supplied worksheet record BAT01446 (northamerica),szewczak-western-2024-library,search,,,,free_flying_wild,,"US/CA | SonoBat western North America library, ~200,000 species-known calls",,,,,peak_frequency,mean,31.4,,,kHz,,,,31.4 22-59 (28-36),definition_unstated,Imported from MASTER_call_records.csv record BAT01446; upload archive sha256 17ffdda2ba6929d03dabcce39119e90d4ee10712fdf690885b3d4a5128d3e464. [trait_class=call_parameter] | Mean of the subset of calls with the most species-discriminating characteristics; dispersion is the +/-1 SD interval given in the source; value_min/max are the total observed range across the whole species-known library.
mst-a268ea0666bd99,1005262,Tadarida brasiliensis,exact,szewczak-western-2024,supplied worksheet record BAT01600 (northamerica),szewczak-western-2024-library,search,,,,free_flying_wild,,US/CA,,,,,signal_type,single,QCF,,,,,,,"FM to flat QCF, variable within sequence",ok,Imported from MASTER_call_records.csv record BAT01600; upload archive sha256 17ffdda2ba6929d03dabcce39119e90d4ee10712fdf690885b3d4a5128d3e464. [trait_class=call_structure] | Upswing into call and downswing out; long flat calls give a carrot-shaped oscillogram.
mst-a52c979351c72a,1005432,Myotis lucifugus,exact,szewczak-western-2024,supplied worksheet record BAT01427 (northamerica),szewczak-western-2024-library,search,,,,free_flying_wild,,"US/CA | SonoBat western North America library, ~200,000 species-known calls",,,,,duration,mean,5.9,,,ms,,,,5.9 1.6-10 (4.6-7.2),definition_unstated,Imported from MASTER_call_records.csv record BAT01427; upload archive sha256 17ffdda2ba6929d03dabcce39119e90d4ee10712fdf690885b3d4a5128d3e464. [trait_class=call_parameter] | Mean of the subset of calls with the most species-discriminating characteristics; dispersion is the +/-1 SD interval given in the source; value_min/max are the total observed range across the whole species-known library.
mst-a5a431d366734d,1005595,Parastrellus hesperus,exact,szewczak-western-2024,supplied worksheet record BAT01388 (northamerica),szewczak-western-2024-library,search,,,,free_flying_wild,,"US/CA | SonoBat western North America library, ~200,000 species-known calls",,,,,characteristic_frequency,mean,46.1,,,kHz,,,,46.1 41-53 (44-48),definition_unstated,Imported from MASTER_call_records.csv record BAT01388; upload archive sha256 17ffdda2ba6929d03dabcce39119e90d4ee10712fdf690885b3d4a5128d3e464. [trait_class=call_parameter] | Mean of the subset of calls with the most species-discriminating characteristics; dispersion is the +/-1 SD interval given in the source; value_min/max are the total observed range across the whole species-known library.
mst-a5d98837b7af01,1005574,Lasiurus blossevillii,exact,szewczak-western-2024,supplied worksheet record BAT01398 (northamerica),szewczak-western-2024-library,search,,,,free_flying_wild,,"US/CA | SonoBat western North America library, ~200,000 species-known calls",,,,,characteristic_frequency,mean,43.4,,,kHz,,,,43.4 34-56 (39-48),definition_unstated,Imported from MASTER_call_records.csv record BAT01398; upload archive sha256 17ffdda2ba6929d03dabcce39119e90d4ee10712fdf690885b3d4a5128d3e464. [trait_class=call_parameter] | Mean of the subset of calls with the most species-discriminating characteristics; dispersion is the +/-1 SD interval given in the source; value_min/max are the total observed range across the whole species-known library.
mst-a68306d37a36a3,1005658,Euderma maculatum,exact,szewczak-western-2024,supplied worksheet record BAT01500 (northamerica),szewczak-western-2024-library,search,,,,free_flying_wild,,"US/CA | SonoBat western North America library, ~200,000 species-known calls",,,,,min_frequency,mean,8.7,,,kHz,,,,8.7 6.5-12 (7.6-9.7),definition_unstated,Imported from MASTER_call_records.csv record BAT01500; upload archive sha256 17ffdda2ba6929d03dabcce39119e90d4ee10712fdf690885b3d4a5128d3e464. [trait_class=call_parameter] | Mean of the subset of calls with the most species-discriminating characteristics; dispersion is the +/-1 SD interval given in the source; value_min/max are the total observed range across the whole species-known library.
mst-a704c064dfca7a,1005657,Corynorhinus townsendii,exact,szewczak-western-2024,supplied worksheet record BAT01452 (northamerica),szewczak-western-2024-library,search,,,,free_flying_wild,,"US/CA | SonoBat western North America library, ~200,000 species-known calls",,,,,duration,mean,3.5,,,ms,,,,3.5 1.6-14 (1.9-5.1),definition_unstated,Imported from MASTER_call_records.csv record BAT01452; upload archive sha256 17ffdda2ba6929d03dabcce39119e90d4ee10712fdf690885b3d4a5128d3e464. [trait_class=call_parameter] | Mean of the subset of calls with the most species-discriminating characteristics; dispersion is the +/-1 SD interval given in the source; value_min/max are the total observed range across the whole species-known library.
mst-a93806170b48b7,1005235,Nyctinomops femorosaccus,exact,szewczak-western-2024,supplied worksheet record BAT01480 (northamerica),szewczak-western-2024-library,search,,,,free_flying_wild,,"US/CA | SonoBat western North America library, ~200,000 species-known calls",,,,,min_frequency,mean,18.4,,,kHz,,,,18.4 13-24 (16-20),definition_unstated,Imported from MASTER_call_records.csv record BAT01480; upload archive sha256 17ffdda2ba6929d03dabcce39119e90d4ee10712fdf690885b3d4a5128d3e464. [trait_class=call_parameter] | Mean of the subset of calls with the most species-discriminating characteristics; dispersion is the +/-1 SD interval given in the source; value_min/max are the total observed range across the whole species-known library.
mst-aa8f06cc2a92aa,1005383,Myotis californicus,exact,szewczak-western-2024,supplied worksheet record BAT01385 (northamerica),szewczak-western-2024-library,search,,,,free_flying_wild,,"US/CA | SonoBat western North America library, ~200,000 species-known calls",,,,,min_frequency,mean,43.4,,,kHz,,,,43.4 33-53 (40-47),definition_unstated,Imported from MASTER_call_records.csv record BAT01385; upload archive sha256 17ffdda2ba6929d03dabcce39119e90d4ee10712fdf690885b3d4a5128d3e464. [trait_class=call_parameter] | Mean of the subset of calls with the most species-discriminating characteristics; dispersion is the +/-1 SD interval given in the source; value_min/max are the total observed range across the whole species-known library.
mst-aabb1791ef84ab,1004902,Choeronycteris mexicana,exact,szewczak-western-2024,supplied worksheet record BAT01396 (northamerica),szewczak-western-2024-library,search,,,,free_flying_wild,,"US/CA | SonoBat western North America library, ~200,000 species-known calls",,,,,peak_frequency,mean,49,,,kHz,,,,49.0 33-70 (40-58),definition_unstated,Imported from MASTER_call_records.csv record BAT01396; upload archive sha256 17ffdda2ba6929d03dabcce39119e90d4ee10712fdf690885b3d4a5128d3e464. [trait_class=call_parameter] | Mean of the subset of calls with the most species-discriminating characteristics; dispersion is the +/-1 SD interval given in the source; value_min/max are the total observed range across the whole species-known library.
mst-af82816c49ec0e,1005658,Euderma maculatum,exact,szewczak-western-2024,supplied worksheet record BAT01502 (northamerica),szewczak-western-2024-library,search,,,,free_flying_wild,,"US/CA | SonoBat western North America library, ~200,000 species-known calls",,,,,duration,mean,3.8,,,ms,,,,3.8 1.7-7.1 (2.5-5.1),definition_unstated,Imported from MASTER_call_records.csv record BAT01502; upload archive sha256 17ffdda2ba6929d03dabcce39119e90d4ee10712fdf690885b3d4a5128d3e464. [trait_class=call_parameter] | Mean of the subset of calls with the most species-discriminating characteristics; dispersion is the +/-1 SD interval given in the source; value_min/max are the total observed range across the whole species-known library.
mst-b0b4e3b9d59340,1005574,Lasiurus blossevillii,exact,szewczak-western-2024,supplied worksheet record BAT01400 (northamerica),szewczak-western-2024-library,search,,,,free_flying_wild,,"US/CA | SonoBat western North America library, ~200,000 species-known calls",,,,,min_frequency,mean,42.4,,,kHz,,,,42.4 33-54 (38-46),definition_unstated,Imported from MASTER_call_records.csv record BAT01400; upload archive sha256 17ffdda2ba6929d03dabcce39119e90d4ee10712fdf690885b3d4a5128d3e464. [trait_class=call_parameter] | Mean of the subset of calls with the most species-discriminating characteristics; dispersion is the +/-1 SD interval given in the source; value_min/max are the total observed range across the whole species-known library.
mst-b1d16928219d8c,1004950,Macrotus californicus,exact,szewczak-western-2024,supplied worksheet record BAT01374 (northamerica),szewczak-western-2024-library,search,,,,free_flying_wild,,"US/CA | SonoBat western North America library, ~200,000 species-known calls",,,,,max_frequency,mean,80,,,kHz,,,,80 62-98 (75-85),definition_unstated,Imported from MASTER_call_records.csv record BAT01374; upload archive sha256 17ffdda2ba6929d03dabcce39119e90d4ee10712fdf690885b3d4a5128d3e464. [trait_class=call_parameter] | Mean of the subset of calls with the most species-discriminating characteristics; dispersion is the +/-1 SD interval given in the source; value_min/max are the total observed range across the whole species-known library.
mst-b34b655020c920,1005577,Lasiurus cinereus,exact,szewczak-western-2024,supplied worksheet record BAT01477 (northamerica),szewczak-western-2024-library,search,,,,free_flying_wild,,"US/CA | SonoBat western North America library, ~200,000 species-known calls",,,,,duration,mean,9.9,,,ms,,,,9.9 2.0-30 (6-14),definition_unstated,Imported from MASTER_call_records.csv record BAT01477; upload archive sha256 17ffdda2ba6929d03dabcce39119e90d4ee10712fdf690885b3d4a5128d3e464. [trait_class=call_parameter] | Mean of the subset of calls with the most species-discriminating characteristics; dispersion is the +/-1 SD interval given in the source; value_min/max are the total observed range across the whole species-known library.
mst-b53b1b38ae4e73,1005659,Idionycteris phyllotis,exact,szewczak-western-2024,supplied worksheet record BAT01485 (northamerica),szewczak-western-2024-library,search,,,,free_flying_wild,,"US/CA | SonoBat western North America library, ~200,000 species-known calls",,,,,min_frequency,mean,11.5,,,kHz,,,,11.5 7.3-16 (10-13),definition_unstated,Imported from MASTER_call_records.csv record BAT01485; upload archive sha256 17ffdda2ba6929d03dabcce39119e90d4ee10712fdf690885b3d4a5128d3e464. [trait_class=call_parameter] | Mean of the subset of calls with the most species-discriminating characteristics; dispersion is the +/-1 SD interval given in the source; value_min/max are the total observed range across the whole species-known library.
mst-b70cba39f2fb62,1005483,Myotis volans,exact,szewczak-western-2024,supplied worksheet record BAT01416 (northamerica),szewczak-western-2024-library,search,,,,free_flying_wild,,"US/CA | SonoBat western North America library, ~200,000 species-known calls",,,,,peak_frequency,mean,45.8,,,kHz,,,,45.8 39-97 (41-50),definition_unstated,Imported from MASTER_call_records.csv record BAT01416; upload archive sha256 17ffdda2ba6929d03dabcce39119e90d4ee10712fdf690885b3d4a5128d3e464. [trait_class=call_parameter] | Mean of the subset of calls with the most species-discriminating characteristics; dispersion is the +/-1 SD interval given in the source; value_min/max are the total observed range across the whole species-known library.
mst-b8236129aa30f0,1005389,Myotis ciliolabrum,exact,szewczak-western-2024,supplied worksheet record BAT01412 (northamerica),szewczak-western-2024-library,search,,,,free_flying_wild,,"US/CA | SonoBat western North America library, ~200,000 species-known calls",,,,,duration,mean,3.8,,,ms,,,,3.8 1.7-5.7 (3.1-4.5),definition_unstated,Imported from MASTER_call_records.csv record BAT01412; upload archive sha256 17ffdda2ba6929d03dabcce39119e90d4ee10712fdf690885b3d4a5128d3e464. [trait_class=call_parameter] | Mean of the subset of calls with the most species-discriminating characteristics; dispersion is the +/-1 SD interval given in the source; value_min/max are the total observed range across the whole species-known library.
mst-ba53e2a75f9cc5,1005481,Myotis velifer,exact,szewczak-western-2024,supplied worksheet record BAT01421 (northamerica),szewczak-western-2024-library,search,,,,free_flying_wild,,"US/CA | SonoBat western North America library, ~200,000 species-known calls",,,,,peak_frequency,mean,44.8,,,kHz,,,,44.8 37-68 (41-49),definition_unstated,Imported from MASTER_call_records.csv record BAT01421; upload archive sha256 17ffdda2ba6929d03dabcce39119e90d4ee10712fdf690885b3d4a5128d3e464. [trait_class=call_parameter] | Mean of the subset of calls with the most species-discriminating characteristics; dispersion is the +/-1 SD interval given in the source; value_min/max are the total observed range across the whole species-known library.
mst-bb3e76d10683d7,1005432,Myotis lucifugus,exact,szewczak-western-2024,supplied worksheet record BAT01424 (northamerica),szewczak-western-2024-library,search,,,,free_flying_wild,,"US/CA | SonoBat western North America library, ~200,000 species-known calls",,,,,max_frequency,mean,69.1,,,kHz,,,,69.1 45-111 (58-81),definition_unstated,Imported from MASTER_call_records.csv record BAT01424; upload archive sha256 17ffdda2ba6929d03dabcce39119e90d4ee10712fdf690885b3d4a5128d3e464. [trait_class=call_parameter] | Mean of the subset of calls with the most species-discriminating characteristics; dispersion is the +/-1 SD interval given in the source; value_min/max are the total observed range across the whole species-known library.
mst-be4c4a05a4e472,1005492,Antrozous pallidus,exact,szewczak-western-2024,supplied worksheet record BAT01457 (northamerica),szewczak-western-2024-library,search,,,,free_flying_wild,,"US/CA | SonoBat western North America library, ~200,000 species-known calls",,,,,duration,mean,11.5,,,ms,,,,11.5 4.7-26 (7.3-16),definition_unstated,Imported from MASTER_call_records.csv record BAT01457; upload archive sha256 17ffdda2ba6929d03dabcce39119e90d4ee10712fdf690885b3d4a5128d3e464. [trait_class=call_parameter] | Mean of the subset of calls with the most species-discriminating characteristics; dispersion is the +/-1 SD interval given in the source; value_min/max are the total observed range across the whole species-known library.
mst-bea076d6d96f5e,1005432,Myotis lucifugus,exact,szewczak-western-2024,supplied worksheet record BAT01425 (northamerica),szewczak-western-2024-library,search,,,,free_flying_wild,,"US/CA | SonoBat western North America library, ~200,000 species-known calls",,,,,min_frequency,mean,38.5,,,kHz,,,,38.5 30-45 (36-41),definition_unstated,Imported from MASTER_call_records.csv record BAT01425; upload archive sha256 17ffdda2ba6929d03dabcce39119e90d4ee10712fdf690885b3d4a5128d3e464. [trait_class=call_parameter] | Mean of the subset of calls with the most species-discriminating characteristics; dispersion is the +/-1 SD interval given in the source; value_min/max are the total observed range across the whole species-known library.
mst-c166573a08f56a,1005478,Myotis thysanodes,exact,szewczak-western-2024,supplied worksheet record BAT01464 (northamerica),szewczak-western-2024-library,search,,,,free_flying_wild,,"US/CA | SonoBat western North America library, ~200,000 species-known calls",,,,,max_frequency,mean,66.1,,,kHz,,,,66.1 35-124 (48-84),definition_unstated,Imported from MASTER_call_records.csv record BAT01464; upload archive sha256 17ffdda2ba6929d03dabcce39119e90d4ee10712fdf690885b3d4a5128d3e464. [trait_class=call_parameter] | Mean of the subset of calls with the most species-discriminating characteristics; dispersion is the +/-1 SD interval given in the source; value_min/max are the total observed range across the whole species-known library.
mst-c167fe2467c83e,1005574,Lasiurus blossevillii,exact,szewczak-western-2024,supplied worksheet record BAT01399 (northamerica),szewczak-western-2024-library,search,,,,free_flying_wild,,"US/CA | SonoBat western North America library, ~200,000 species-known calls",,,,,max_frequency,mean,64.7,,,kHz,,,,64.7 39-107 (51-79),definition_unstated,Imported from MASTER_call_records.csv record BAT01399; upload archive sha256 17ffdda2ba6929d03dabcce39119e90d4ee10712fdf690885b3d4a5128d3e464. [trait_class=call_parameter] | Mean of the subset of calls with the most species-discriminating characteristics; dispersion is the +/-1 SD interval given in the source; value_min/max are the total observed range across the whole species-known library.
mst-c2e4c3f6623679,1005187,Eumops perotis,exact,szewczak-western-2024,supplied worksheet record BAT01496 (northamerica),szewczak-western-2024-library,search,,,,free_flying_wild,,"US/CA | SonoBat western North America library, ~200,000 species-known calls",,,,,peak_frequency,mean,12.3,,,kHz,,,,12.3 7.4-20 (10-15),definition_unstated,Imported from MASTER_call_records.csv record BAT01496; upload archive sha256 17ffdda2ba6929d03dabcce39119e90d4ee10712fdf690885b3d4a5128d3e464. [trait_class=call_parameter] | Mean of the subset of calls with the most species-discriminating characteristics; dispersion is the +/-1 SD interval given in the source; value_min/max are the total observed range across the whole species-known library.
mst-c321f14aba5fae,1005658,Euderma maculatum,exact,szewczak-western-2024,supplied worksheet record BAT01498 (northamerica),szewczak-western-2024-library,search,,,,free_flying_wild,,"US/CA | SonoBat western North America library, ~200,000 species-known calls",,,,,characteristic_frequency,mean,9.3,,,kHz,,,,9.3 7.2-12 (8.2-10),definition_unstated,Imported from MASTER_call_records.csv record BAT01498; upload archive sha256 17ffdda2ba6929d03dabcce39119e90d4ee10712fdf690885b3d4a5128d3e464. [trait_class=call_parameter] | Mean of the subset of calls with the most species-discriminating characteristics; dispersion is the +/-1 SD interval given in the source; value_min/max are the total observed range across the whole species-known library.
mst-c329a5881b4225,1005235,Nyctinomops femorosaccus,exact,szewczak-western-2024,supplied worksheet record BAT01479 (northamerica),szewczak-western-2024-library,search,,,,free_flying_wild,,"US/CA | SonoBat western North America library, ~200,000 species-known calls",,,,,max_frequency,mean,29.7,,,kHz,,,,29.7 16-47 (23-36),definition_unstated,Imported from MASTER_call_records.csv record BAT01479; upload archive sha256 17ffdda2ba6929d03dabcce39119e90d4ee10712fdf690885b3d4a5128d3e464. [trait_class=call_parameter] | Mean of the subset of calls with the most species-discriminating characteristics; dispersion is the +/-1 SD interval given in the source; value_min/max are the total observed range across the whole species-known library.
mst-c9cae95795c194,1005235,Nyctinomops femorosaccus,exact,szewczak-western-2024,supplied worksheet record BAT01478 (northamerica),szewczak-western-2024-library,search,,,,free_flying_wild,,"US/CA | SonoBat western North America library, ~200,000 species-known calls",,,,,characteristic_frequency,mean,19.9,,,kHz,,,,19.9 14-28 (18-22),definition_unstated,Imported from MASTER_call_records.csv record BAT01478; upload archive sha256 17ffdda2ba6929d03dabcce39119e90d4ee10712fdf690885b3d4a5128d3e464. [trait_class=call_parameter] | Mean of the subset of calls with the most species-discriminating characteristics; dispersion is the +/-1 SD interval given in the source; value_min/max are the total observed range across the whole species-known library.
mst-ca98b81888d438,1005187,Eumops perotis,exact,szewczak-western-2024,supplied worksheet record BAT01497 (northamerica),szewczak-western-2024-library,search,,,,free_flying_wild,,"US/CA | SonoBat western North America library, ~200,000 species-known calls",,,,,duration,mean,15.1,,,ms,,,,15.1 2.9-33 (9.2-21),definition_unstated,Imported from MASTER_call_records.csv record BAT01497; upload archive sha256 17ffdda2ba6929d03dabcce39119e90d4ee10712fdf690885b3d4a5128d3e464. [trait_class=call_parameter] | Mean of the subset of calls with the most species-discriminating characteristics; dispersion is the +/-1 SD interval given in the source; value_min/max are the total observed range across the whole species-known library.
mst-cbb1a3c7833d38,1005595,Parastrellus hesperus,exact,szewczak-western-2024,supplied worksheet record BAT01596 (northamerica),szewczak-western-2024-library,search,,,,free_flying_wild,,US/CA,,,,,signal_type,single,QCF,,,,,,,strongly inflected FM to low-slope QCF,ok,Imported from MASTER_call_records.csv record BAT01596; upload archive sha256 17ffdda2ba6929d03dabcce39119e90d4ee10712fdf690885b3d4a5128d3e464. [trait_class=call_structure] | Hockey-stick shaped; some calls show 'squiggles'.
mst-ce0fed11dbf283,1005483,Myotis volans,exact,szewczak-western-2024,supplied worksheet record BAT01417 (northamerica),szewczak-western-2024-library,search,,,,free_flying_wild,,"US/CA | SonoBat western North America library, ~200,000 species-known calls",,,,,duration,mean,4,,,ms,,,,4.0 1.6-7.6 (3.0-5.0),definition_unstated,Imported from MASTER_call_records.csv record BAT01417; upload archive sha256 17ffdda2ba6929d03dabcce39119e90d4ee10712fdf690885b3d4a5128d3e464. [trait_class=call_parameter] | Mean of the subset of calls with the most species-discriminating characteristics; dispersion is the +/-1 SD interval given in the source; value_min/max are the total observed range across the whole species-known library.
mst-ce6191d6e4f3d6,1005404,Myotis evotis,exact,szewczak-western-2024,supplied worksheet record BAT01435 (northamerica),szewczak-western-2024-library,search,,,,free_flying_wild,,"US/CA | SonoBat western North America library, ~200,000 species-known calls",,,,,min_frequency,mean,27.5,,,kHz,,,,27.5 21-38 (25-30),definition_unstated,Imported from MASTER_call_records.csv record BAT01435; upload archive sha256 17ffdda2ba6929d03dabcce39119e90d4ee10712fdf690885b3d4a5128d3e464. [trait_class=call_parameter] | Mean of the subset of calls with the most species-discriminating characteristics; dispersion is the +/-1 SD interval given in the source; value_min/max are the total observed range across the whole species-known library.
mst-cf2aa103ed626b,1005519,Eptesicus fuscus,exact,szewczak-western-2024,supplied worksheet record BAT01443 (northamerica),szewczak-western-2024-library,search,,,,free_flying_wild,,"US/CA | SonoBat western North America library, ~200,000 species-known calls",,,,,characteristic_frequency,mean,28.2,,,kHz,,,,28.2 21-35 (26-30),definition_unstated,Imported from MASTER_call_records.csv record BAT01443; upload archive sha256 17ffdda2ba6929d03dabcce39119e90d4ee10712fdf690885b3d4a5128d3e464. [trait_class=call_parameter] | Mean of the subset of calls with the most species-discriminating characteristics; dispersion is the +/-1 SD interval given in the source; value_min/max are the total observed range across the whole species-known library.
mst-cf9769e0d5ae39,1004915,Leptonycteris nivalis,exact,szewczak-western-2024,supplied worksheet record BAT01407 (northamerica),szewczak-western-2024-library,search,,,,free_flying_wild,,"US/CA | SonoBat western North America library, ~200,000 species-known calls",,,,,duration,mean,7.5,,,ms,,,,7.5 1.9-14 (5.4-9.5),definition_unstated,Imported from MASTER_call_records.csv record BAT01407; upload archive sha256 17ffdda2ba6929d03dabcce39119e90d4ee10712fdf690885b3d4a5128d3e464. [trait_class=call_parameter] | Mean of the subset of calls with the most species-discriminating characteristics; dispersion is the +/-1 SD interval given in the source; value_min/max are the total observed range across the whole species-known library.
mst-d0cbca39358733,1005187,Eumops perotis,exact,szewczak-western-2024,supplied worksheet record BAT01494 (northamerica),szewczak-western-2024-library,search,,,,free_flying_wild,,"US/CA | SonoBat western North America library, ~200,000 species-known calls",,,,,max_frequency,mean,16,,,kHz,,,,16.0 7.5-22 (12-20),definition_unstated,Imported from MASTER_call_records.csv record BAT01494; upload archive sha256 17ffdda2ba6929d03dabcce39119e90d4ee10712fdf690885b3d4a5128d3e464. [trait_class=call_parameter] | Mean of the subset of calls with the most species-discriminating characteristics; dispersion is the +/-1 SD interval given in the source; value_min/max are the total observed range across the whole species-known library.
mst-d3b47eb16ce0ea,1005478,Myotis thysanodes,exact,szewczak-western-2024,supplied worksheet record BAT01465 (northamerica),szewczak-western-2024-library,search,,,,free_flying_wild,,"US/CA | SonoBat western North America library, ~200,000 species-known calls",,,,,min_frequency,mean,20.1,,,kHz,,,,20.1 13-28 (18-22),definition_unstated,Imported from MASTER_call_records.csv record BAT01465; upload archive sha256 17ffdda2ba6929d03dabcce39119e90d4ee10712fdf690885b3d4a5128d3e464. [trait_class=call_parameter] | Mean of the subset of calls with the most species-discriminating characteristics; dispersion is the +/-1 SD interval given in the source; value_min/max are the total observed range across the whole species-known library.
mst-d70eb96dbf52c0,1005487,Myotis yumanensis,exact,szewczak-western-2024,supplied worksheet record BAT01378 (northamerica),szewczak-western-2024-library,search,,,,free_flying_wild,,"US/CA | SonoBat western North America library, ~200,000 species-known calls",,,,,characteristic_frequency,mean,51.2,,,kHz,,,,51.2 45-59 (49-54),definition_unstated,Imported from MASTER_call_records.csv record BAT01378; upload archive sha256 17ffdda2ba6929d03dabcce39119e90d4ee10712fdf690885b3d4a5128d3e464. [trait_class=call_parameter] | Mean of the subset of calls with the most species-discriminating characteristics; dispersion is the +/-1 SD interval given in the source; value_min/max are the total observed range across the whole species-known library.
mst-d831178a456679,1005562,Lasionycteris noctivagans,exact,szewczak-western-2024,supplied worksheet record BAT01460 (northamerica),szewczak-western-2024-library,search,,,,free_flying_wild,,"US/CA | SonoBat western North America library, ~200,000 species-known calls",,,,,min_frequency,mean,25,,,kHz,,,,25.0 20-30 (24-26),definition_unstated,Imported from MASTER_call_records.csv record BAT01460; upload archive sha256 17ffdda2ba6929d03dabcce39119e90d4ee10712fdf690885b3d4a5128d3e464. [trait_class=call_parameter] | Mean of the subset of calls with the most species-discriminating characteristics; dispersion is the +/-1 SD interval given in the source; value_min/max are the total observed range across the whole species-known library.
mst-db227d71b27aa1,1005478,Myotis thysanodes,exact,szewczak-western-2024,supplied worksheet record BAT01466 (northamerica),szewczak-western-2024-library,search,,,,free_flying_wild,,"US/CA | SonoBat western North America library, ~200,000 species-known calls",,,,,peak_frequency,mean,29.5,,,kHz,,,,29.5 21-71 (24-35),definition_unstated,Imported from MASTER_call_records.csv record BAT01466; upload archive sha256 17ffdda2ba6929d03dabcce39119e90d4ee10712fdf690885b3d4a5128d3e464. [trait_class=call_parameter] | Mean of the subset of calls with the most species-discriminating characteristics; dispersion is the +/-1 SD interval given in the source; value_min/max are the total observed range across the whole species-known library.
mst-dd4018ef7ec712,1005187,Eumops perotis,exact,szewczak-western-2024,supplied worksheet record BAT01493 (northamerica),szewczak-western-2024-library,search,,,,free_flying_wild,,"US/CA | SonoBat western North America library, ~200,000 species-known calls",,,,,characteristic_frequency,mean,10.7,,,kHz,,,,10.7 7.1-16 (8.7-13),definition_unstated,Imported from MASTER_call_records.csv record BAT01493; upload archive sha256 17ffdda2ba6929d03dabcce39119e90d4ee10712fdf690885b3d4a5128d3e464. [trait_class=call_parameter] | Mean of the subset of calls with the most species-discriminating characteristics; dispersion is the +/-1 SD interval given in the source; value_min/max are the total observed range across the whole species-known library.
mst-dde275597c29fa,1004950,Macrotus californicus,exact,szewczak-western-2024,supplied worksheet record BAT01375 (northamerica),szewczak-western-2024-library,search,,,,free_flying_wild,,"US/CA | SonoBat western North America library, ~200,000 species-known calls",,,,,min_frequency,mean,50.6,,,kHz,,,,50.6 40-62 (47-55),definition_unstated,Imported from MASTER_call_records.csv record BAT01375; upload archive sha256 17ffdda2ba6929d03dabcce39119e90d4ee10712fdf690885b3d4a5128d3e464. [trait_class=call_parameter] | Mean of the subset of calls with the most species-discriminating characteristics; dispersion is the +/-1 SD interval given in the source; value_min/max are the total observed range across the whole species-known library.
mst-e2290899ea2523,1004915,Leptonycteris nivalis,exact,szewczak-western-2024,supplied worksheet record BAT01404 (northamerica),szewczak-western-2024-library,search,,,,free_flying_wild,,"US/CA | SonoBat western North America library, ~200,000 species-known calls",,,,,max_frequency,mean,72,,,kHz,,,,72.0 42-113 (58-86),definition_unstated,Imported from MASTER_call_records.csv record BAT01404; upload archive sha256 17ffdda2ba6929d03dabcce39119e90d4ee10712fdf690885b3d4a5128d3e464. [trait_class=call_parameter] | Mean of the subset of calls with the most species-discriminating characteristics; dispersion is the +/-1 SD interval given in the source; value_min/max are the total observed range across the whole species-known library.
mst-e6078dffd6e3ee,1005389,Myotis ciliolabrum,exact,szewczak-western-2024,supplied worksheet record BAT01411 (northamerica),szewczak-western-2024-library,search,,,,free_flying_wild,,"US/CA | SonoBat western North America library, ~200,000 species-known calls",,,,,peak_frequency,mean,46.3,,,kHz,,,,46.3 39-87 (41-52),definition_unstated,Imported from MASTER_call_records.csv record BAT01411; upload archive sha256 17ffdda2ba6929d03dabcce39119e90d4ee10712fdf690885b3d4a5128d3e464. [trait_class=call_parameter] | Mean of the subset of calls with the most species-discriminating characteristics; dispersion is the +/-1 SD interval given in the source; value_min/max are the total observed range across the whole species-known library.
mst-e6862fd9ebc174,1005383,Myotis californicus,exact,szewczak-western-2024,supplied worksheet record BAT01383 (northamerica),szewczak-western-2024-library,search,,,,free_flying_wild,,"US/CA | SonoBat western North America library, ~200,000 species-known calls",,,,,characteristic_frequency,mean,49.5,,,kHz,,,,49.5 43-57 (47-52),definition_unstated,Imported from MASTER_call_records.csv record BAT01383; upload archive sha256 17ffdda2ba6929d03dabcce39119e90d4ee10712fdf690885b3d4a5128d3e464. [trait_class=call_parameter] | Mean of the subset of calls with the most species-discriminating characteristics; dispersion is the +/-1 SD interval given in the source; value_min/max are the total observed range across the whole species-known library.
mst-e8ae53c288d457,1005370,Myotis auriculus,exact,szewczak-western-2024,supplied worksheet record BAT01431 (northamerica),szewczak-western-2024-library,search,,,,free_flying_wild,,"US/CA | SonoBat western North America library, ~200,000 species-known calls",,,,,peak_frequency,mean,44.5,,,kHz,,,,44.5 36-74 (39-50),definition_unstated,Imported from MASTER_call_records.csv record BAT01431; upload archive sha256 17ffdda2ba6929d03dabcce39119e90d4ee10712fdf690885b3d4a5128d3e464. [trait_class=call_parameter] | Mean of the subset of calls with the most species-discriminating characteristics; dispersion is the +/-1 SD interval given in the source; value_min/max are the total observed range across the whole species-known library.
mst-e93d4f0a8b3984,1005237,Nyctinomops macrotis,exact,szewczak-western-2024,supplied worksheet record BAT01488 (northamerica),szewczak-western-2024-library,search,,,,free_flying_wild,,"US/CA | SonoBat western North America library, ~200,000 species-known calls",,,,,characteristic_frequency,mean,12.7,,,kHz,,,,12.7 11-15 (11-14),definition_unstated,Imported from MASTER_call_records.csv record BAT01488; upload archive sha256 17ffdda2ba6929d03dabcce39119e90d4ee10712fdf690885b3d4a5128d3e464. [trait_class=call_parameter] | Mean of the subset of calls with the most species-discriminating characteristics; dispersion is the +/-1 SD interval given in the source; value_min/max are the total observed range across the whole species-known library.
mst-e98e427b07dee9,1005657,Corynorhinus townsendii,exact,szewczak-western-2024,supplied worksheet record BAT01449 (northamerica),szewczak-western-2024-library,search,,,,free_flying_wild,,"US/CA | SonoBat western North America library, ~200,000 species-known calls",,,,,max_frequency,mean,42.7,,,kHz,,,,42.7 34-51 (39-44),definition_unstated,Imported from MASTER_call_records.csv record BAT01449; upload archive sha256 17ffdda2ba6929d03dabcce39119e90d4ee10712fdf690885b3d4a5128d3e464. [trait_class=call_parameter] | Mean of the subset of calls with the most species-discriminating characteristics; dispersion is the +/-1 SD interval given in the source; value_min/max are the total observed range across the whole species-known library.
mst-eaa49ddb5be518,1005483,Myotis volans,exact,szewczak-western-2024,supplied worksheet record BAT01413 (northamerica),szewczak-western-2024-library,search,,,,free_flying_wild,,"US/CA | SonoBat western North America library, ~200,000 species-known calls",,,,,characteristic_frequency,mean,42.7,,,kHz,,,,42.7 37-52 (40-45),definition_unstated,Imported from MASTER_call_records.csv record BAT01413; upload archive sha256 17ffdda2ba6929d03dabcce39119e90d4ee10712fdf690885b3d4a5128d3e464. [trait_class=call_parameter] | Mean of the subset of calls with the most species-discriminating characteristics; dispersion is the +/-1 SD interval given in the source; value_min/max are the total observed range across the whole species-known library.
mst-ec0032298c0e33,1005487,Myotis yumanensis,exact,szewczak-western-2024,supplied worksheet record BAT01379 (northamerica),szewczak-western-2024-library,search,,,,free_flying_wild,,"US/CA | SonoBat western North America library, ~200,000 species-known calls",,,,,max_frequency,mean,85.9,,,kHz,,,,85.9 53-129 (73-99),definition_unstated,Imported from MASTER_call_records.csv record BAT01379; upload archive sha256 17ffdda2ba6929d03dabcce39119e90d4ee10712fdf690885b3d4a5128d3e464. [trait_class=call_parameter] | Mean of the subset of calls with the most species-discriminating characteristics; dispersion is the +/-1 SD interval given in the source; value_min/max are the total observed range across the whole species-known library.
mst-ecb3c1903fbed0,1005658,Euderma maculatum,exact,szewczak-western-2024,supplied worksheet record BAT01501 (northamerica),szewczak-western-2024-library,search,,,,free_flying_wild,,"US/CA | SonoBat western North America library, ~200,000 species-known calls",,,,,peak_frequency,mean,11.3,,,kHz,,,,11.3 8.4-16 (9.8-13),definition_unstated,Imported from MASTER_call_records.csv record BAT01501; upload archive sha256 17ffdda2ba6929d03dabcce39119e90d4ee10712fdf690885b3d4a5128d3e464. [trait_class=call_parameter] | Mean of the subset of calls with the most species-discriminating characteristics; dispersion is the +/-1 SD interval given in the source; value_min/max are the total observed range across the whole species-known library.
mst-efdebbee75b929,1005481,Myotis velifer,exact,szewczak-western-2024,supplied worksheet record BAT01420 (northamerica),szewczak-western-2024-library,search,,,,free_flying_wild,,"US/CA | SonoBat western North America library, ~200,000 species-known calls",,,,,min_frequency,mean,38.7,,,kHz,,,,38.7 30-45 (36-41),definition_unstated,Imported from MASTER_call_records.csv record BAT01420; upload archive sha256 17ffdda2ba6929d03dabcce39119e90d4ee10712fdf690885b3d4a5128d3e464. [trait_class=call_parameter] | Mean of the subset of calls with the most species-discriminating characteristics; dispersion is the +/-1 SD interval given in the source; value_min/max are the total observed range across the whole species-known library.
mst-f016ced498c731,1004902,Choeronycteris mexicana,exact,szewczak-western-2024,supplied worksheet record BAT01394 (northamerica),szewczak-western-2024-library,search,,,,free_flying_wild,,"US/CA | SonoBat western North America library, ~200,000 species-known calls",,,,,max_frequency,mean,63.7,,,kHz,,,,63.7 40-90 (51-78),definition_unstated,Imported from MASTER_call_records.csv record BAT01394; upload archive sha256 17ffdda2ba6929d03dabcce39119e90d4ee10712fdf690885b3d4a5128d3e464. [trait_class=call_parameter] | Mean of the subset of calls with the most species-discriminating characteristics; dispersion is the +/-1 SD interval given in the source; value_min/max are the total observed range across the whole species-known library.
mst-f3b37fa7b667ad,1005370,Myotis auriculus,exact,szewczak-western-2024,supplied worksheet record BAT01430 (northamerica),szewczak-western-2024-library,search,,,,free_flying_wild,,"US/CA | SonoBat western North America library, ~200,000 species-known calls",,,,,min_frequency,mean,32.7,,,kHz,,,,32.7 18-44 (28-37),definition_unstated,Imported from MASTER_call_records.csv record BAT01430; upload archive sha256 17ffdda2ba6929d03dabcce39119e90d4ee10712fdf690885b3d4a5128d3e464. [trait_class=call_parameter] | Mean of the subset of calls with the most species-discriminating characteristics; dispersion is the +/-1 SD interval given in the source; value_min/max are the total observed range across the whole species-known library.
mst-f54b987ae36868,1004902,Choeronycteris mexicana,exact,szewczak-western-2024,supplied worksheet record BAT01393 (northamerica),szewczak-western-2024-library,search,,,,free_flying_wild,,"US/CA | SonoBat western North America library, ~200,000 species-known calls",,,,,characteristic_frequency,mean,44.2,,,kHz,,,,44.2 36-52 (40-48),definition_unstated,Imported from MASTER_call_records.csv record BAT01393; upload archive sha256 17ffdda2ba6929d03dabcce39119e90d4ee10712fdf690885b3d4a5128d3e464. [trait_class=call_parameter] | Mean of the subset of calls with the most species-discriminating characteristics; dispersion is the +/-1 SD interval given in the source; value_min/max are the total observed range across the whole species-known library.
mst-f560dda3d00910,1005237,Nyctinomops macrotis,exact,szewczak-western-2024,supplied worksheet record BAT01489 (northamerica),szewczak-western-2024-library,search,,,,free_flying_wild,,"US/CA | SonoBat western North America library, ~200,000 species-known calls",,,,,max_frequency,mean,14.8,,,kHz,,,,14.8 (12-17),definition_unstated,Imported from MASTER_call_records.csv record BAT01489; upload archive sha256 17ffdda2ba6929d03dabcce39119e90d4ee10712fdf690885b3d4a5128d3e464. [trait_class=call_parameter] | Mean of the subset of calls with the most species-discriminating characteristics; dispersion is the +/-1 SD interval given in the source; value_min/max are the total observed range across the whole species-known library. SUSPECTED SOURCE OR PDF-EXTRACTION ERROR - value inconsistent with its own range. Verify against the published PDF before use.
mst-f7113f4aaff735,1005519,Eptesicus fuscus,exact,szewczak-western-2024,supplied worksheet record BAT01445 (northamerica),szewczak-western-2024-library,search,,,,free_flying_wild,,"US/CA | SonoBat western North America library, ~200,000 species-known calls",,,,,min_frequency,mean,26.7,,,kHz,,,,26.7 18-33 (25-28),definition_unstated,Imported from MASTER_call_records.csv record BAT01445; upload archive sha256 17ffdda2ba6929d03dabcce39119e90d4ee10712fdf690885b3d4a5128d3e464. [trait_class=call_parameter] | Mean of the subset of calls with the most species-discriminating characteristics; dispersion is the +/-1 SD interval given in the source; value_min/max are the total observed range across the whole species-known library.
mst-f9edf98b5dd950,1004950,Macrotus californicus,exact,szewczak-western-2024,supplied worksheet record BAT01376 (northamerica),szewczak-western-2024-library,search,,,,free_flying_wild,,"US/CA | SonoBat western North America library, ~200,000 species-known calls",,,,,peak_frequency,mean,62.4,,,kHz,,,,62.4 48-75 (58-66),definition_unstated,Imported from MASTER_call_records.csv record BAT01376; upload archive sha256 17ffdda2ba6929d03dabcce39119e90d4ee10712fdf690885b3d4a5128d3e464. [trait_class=call_parameter] | Mean of the subset of calls with the most species-discriminating characteristics; dispersion is the +/-1 SD interval given in the source; value_min/max are the total observed range across the whole species-known library.
mst-fa082c41b4e6dd,1005237,Nyctinomops macrotis,exact,szewczak-western-2024,supplied worksheet record BAT01490 (northamerica),szewczak-western-2024-library,search,,,,free_flying_wild,,"US/CA | SonoBat western North America library, ~200,000 species-known calls",,,,,min_frequency,mean,12.1,,,kHz,,,,12.1 10-15 (11-13),definition_unstated,Imported from MASTER_call_records.csv record BAT01490; upload archive sha256 17ffdda2ba6929d03dabcce39119e90d4ee10712fdf690885b3d4a5128d3e464. [trait_class=call_parameter] | Mean of the subset of calls with the most species-discriminating characteristics; dispersion is the +/-1 SD interval given in the source; value_min/max are the total observed range across the whole species-known library.
mst-fbc66866b3dd82,1005404,Myotis evotis,exact,szewczak-western-2024,supplied worksheet record BAT01434 (northamerica),szewczak-western-2024-library,search,,,,free_flying_wild,,"US/CA | SonoBat western North America library, ~200,000 species-known calls",,,,,max_frequency,mean,76,,,kHz,,,,76.0 46-129 (61-91),definition_unstated,Imported from MASTER_call_records.csv record BAT01434; upload archive sha256 17ffdda2ba6929d03dabcce39119e90d4ee10712fdf690885b3d4a5128d3e464. [trait_class=call_parameter] | Mean of the subset of calls with the most species-discriminating characteristics; dispersion is the +/-1 SD interval given in the source; value_min/max are the total observed range across the whole species-known library.
mst-fc614ea762ba6a,1005595,Parastrellus hesperus,exact,szewczak-western-2024,supplied worksheet record BAT01390 (northamerica),szewczak-western-2024-library,search,,,,free_flying_wild,,"US/CA | SonoBat western North America library, ~200,000 species-known calls",,,,,min_frequency,mean,45,,,kHz,,,,45.0 40-51 (44-47),definition_unstated,Imported from MASTER_call_records.csv record BAT01390; upload archive sha256 17ffdda2ba6929d03dabcce39119e90d4ee10712fdf690885b3d4a5128d3e464. [trait_class=call_parameter] | Mean of the subset of calls with the most species-discriminating characteristics; dispersion is the +/-1 SD interval given in the source; value_min/max are the total observed range across the whole species-known library.
mst-fe0e7f8bc03b48,1005432,Myotis lucifugus,exact,szewczak-western-2024,supplied worksheet record BAT01423 (northamerica),szewczak-western-2024-library,search,,,,free_flying_wild,,"US/CA | SonoBat western North America library, ~200,000 species-known calls",,,,,characteristic_frequency,mean,42,,,kHz,,,,42.0 37-48 (40-44),definition_unstated,Imported from MASTER_call_records.csv record BAT01423; upload archive sha256 17ffdda2ba6929d03dabcce39119e90d4ee10712fdf690885b3d4a5128d3e464. [trait_class=call_parameter] | Mean of the subset of calls with the most species-discriminating characteristics; dispersion is the +/-1 SD interval given in the source; value_min/max are the total observed range across the whole species-known library.
mst-ff19f69ec33b2d,1005492,Antrozous pallidus,exact,szewczak-western-2024,supplied worksheet record BAT01453 (northamerica),szewczak-western-2024-library,search,,,,free_flying_wild,,"US/CA | SonoBat western North America library, ~200,000 species-known calls",,,,,characteristic_frequency,mean,27.1,,,kHz,,,,27.1 19-35 (25-30),definition_unstated,Imported from MASTER_call_records.csv record BAT01453; upload archive sha256 17ffdda2ba6929d03dabcce39119e90d4ee10712fdf690885b3d4a5128d3e464. [trait_class=call_parameter] | Mean of the subset of calls with the most species-discriminating characteristics; dispersion is the +/-1 SD interval given in the source; value_min/max are the total observed range across the whole species-known library.
